{
  "Component-preload.js.map": 1728318435035,
  "model/models.js": 1728307939197,
  "utils/locate-reuse-libs.js": 1728307939197,
  "controller/processtaskui.controller.js": 1728307939205,
  "controller/App.controller.js": 1728307939201,
  "manifest.json": 1728318434845,
  "controller/App-dbg.controller.js": 1728307939201,
  "controller/App.controller.js.map": 1728318434965,
  "utils/locate-reuse-libs-dbg.js": 1728307939197,
  "utils/locate-reuse-libs.js.map": 1728318434967,
  "controller/processtaskui-dbg.controller.js": 1728307939205,
  "controller/processtaskui.controller.js.map": 1728318434932,
  "model/models-dbg.js": 1728307939197,
  "model/models.js.map": 1728318434965,
  "Component-preload.js": 1728318435035,
  "i18n/i18n.properties": 1728307939193,
  "view/processtaskui.view.xml": 1728308070366,
  "view/App.view.xml": 1728308270687,
  "css/style.css": 1728307939201,
  "index.html": 1728307939189
}