{
  "model/models.js.map": 1728318432365,
  "controller/blocks/CCD.js": 1728306334956,
  "controller/blocks/myBlock.js": 1728306349032,
  "controller/blocks/SRQF.js": 1728306361240,
  "controller/blocks/CIRD.js": 1728306341432,
  "controller/blocks/payment.js": 1728306355040,
  "model/models.js": 1728305758479,
  "controller/RequestForm.controller.js": 1728305950673,
  "controller/RegistrationForm.controller.js": 1728306084082,
  "controller/App.controller.js": 1728305758479,
  "manifest.json": 1728318432237,
  "Component.js": 1728305758471,
  "controller/RegistrationForm-dbg.controller.js": 1728306084082,
  "controller/RegistrationForm.controller.js.map": 1728318432378,
  "controller/blocks/myBlock-dbg.js": 1728306349032,
  "controller/blocks/myBlock.js.map": 1728318432352,
  "controller/blocks/SRQF-dbg.js": 1728306361240,
  "controller/blocks/SRQF.js.map": 1728318432355,
  "controller/blocks/CIRD-dbg.js": 1728306341432,
  "controller/blocks/CIRD.js.map": 1728318432355,
  "controller/blocks/payment-dbg.js": 1728306355040,
  "controller/blocks/payment.js.map": 1728318432355,
  "model/models-dbg.js": 1728305758479,
  "i18n/i18n.properties": 1728305786479,
  "controller/RequestForm-dbg.controller.js": 1728305950673,
  "controller/RequestForm.controller.js.map": 1728318432407,
  "controller/blocks/CCD-dbg.js": 1728306334956,
  "controller/blocks/CCD.js.map": 1728318432357,
  "controller/App-dbg.controller.js": 1728305758479,
  "controller/App.controller.js.map": 1728318432365,
  "Component-dbg.js": 1728305758471,
  "Component.js.map": 1728318432367,
  "Component-preload.js": 1728318432513,
  "Component-preload.js.map": 1728318432513,
  "view/fragment/uploadfile.fragment.xml": 1728306682271,
  "view/blocks/payment.view.xml": 1728306546733,
  "view/blocks/myblock.view.xml": 1728306540601,
  "view/blocks/SRQF.view.xml": 1728306553165,
  "view/blocks/CIRD.view.xml": 1728306534433,
  "view/blocks/CCD.view.xml": 1728306527885,
  "view/RequestForm.view.xml": 1728305978621,
  "view/RegistrationForm.view.xml": 1728306031241,
  "view/App.view.xml": 1728305758483,
  "css/style.css": 1728305758483,
  "index.html": 1728305758471
}